"Longitude (x)","Latitude (y)","Station Name","Climate ID","Date/Time","Year","Month","Day","Data Quality","Max Temp (°C)","Max Temp Flag","Min Temp (°C)","Min Temp Flag","Mean Temp (°C)","Mean Temp Flag","Heat Deg Days (°C)","Heat Deg Days Flag","Cool Deg Days (°C)","Cool Deg Days Flag","Total Rain (mm)","Total Rain Flag","Total Snow (cm)","Total Snow Flag","Total Precip (mm)","Total Precip Flag","Snow on Grnd (cm)","Snow on Grnd Flag","Dir of Max Gust (10s deg)","Dir of Max Gust Flag","Spd of Max Gust (km/h)","Spd of Max Gust Flag"
"-79.94","43.17","HAMILTON A","6153193","2022-01-01","2022","01","01","","4.4","","-3.2","","0.6","","17.4","","0.0","","0.0","","4.4","","5.2","","0","T","3","","39",""
"-79.94","43.17","HAMILTON A","6153193","2022-01-02","2022","01","02","","-3.3","","-14.7","","-9.0","","27.0","","0.0","","0.0","","2.6","","2.6","","6","","2","","45",""
"-79.94","43.17","HAMILTON A","6153193","2022-01-03","2022","01","03","","-6.2","","-15.2","","-10.7","","28.7","","0.0","","0.0","","0.0","","0.0","","7","","","M","","M"
"-79.94","43.17","HAMILTON A","6153193","2022-01-04","2022","01","04","","1.3","","-8.9","","-3.8","","21.8","","0.0","","0.0","","0.0","T","0.0","T","4","","21","","42",""
"-79.94","43.17","HAMILTON A","6153193","2022-01-05","2022","01","05","","3.3","","-7.3","","-2.0","","20.0","","0.0","","0.7","","0.0","T","0.7","","4","","23","","81",""
"-79.94","43.17","HAMILTON A","6153193","2022-01-06","2022","01","06","","-3.3","","-8.6","","-6.0","","24.0","","0.0","","0.0","","0.0","T","0.0","T","0","T","24","","61",""
"-79.94","43.17","HAMILTON A","6153193","2022-01-07","2022","01","07","","-6.0","","-12.8","","-9.4","","27.4","","0.0","","0.0","","0.0","T","0.0","T","0","T","27","","46",""
"-79.94","43.17","HAMILTON A","6153193","2022-01-08","2022","01","08","","0.4","","-13.5","","-6.6","","24.6","","0.0","","0.0","","0.0","T","0.0","T","0","T","21","","57",""
"-79.94","43.17","HAMILTON A","6153193","2022-01-09","2022","01","09","","3.1","","-8.7","","-2.8","","20.8","","0.0","","1.6","","0.0","T","1.6","","0","T","27","","68",""
"-79.94","43.17","HAMILTON A","6153193","2022-01-10","2022","01","10","","-8.7","","-15.2","","-12.0","","30.0","","0.0","","0.0","","0.5","","0.5","","0","T","27","","60",""
"-79.94","43.17","HAMILTON A","6153193","2022-01-11","2022","01","11","","-3.9","","-17.7","","-10.8","","28.8","","0.0","","0.0","","0.0","T","0.0","T","1","","20","","60",""
"-79.94","43.17","HAMILTON A","6153193","2022-01-12","2022","01","12","","1.1","","-4.1","","-1.5","","19.5","","0.0","","0.0","","0.0","T","0.0","T","0","T","24","","64",""
"-79.94","43.17","HAMILTON A","6153193","2022-01-13","2022","01","13","","0.4","","-4.6","","-2.1","","20.1","","0.0","","0.0","","0.0","T","0.0","T","0","T","","M","","M"
"-79.94","43.17","HAMILTON A","6153193","2022-01-14","2022","01","14","","-2.6","","-16.6","","-9.6","","27.6","","0.0","","0.0","","0.0","T","0.0","T","0","T","3","","39",""
"-79.94","43.17","HAMILTON A","6153193","2022-01-15","2022","01","15","","-13.2","","-20.4","","-16.8","","34.8","","0.0","","0.0","","0.0","T","0.0","T","0","T","3","","39",""
"-79.94","43.17","HAMILTON A","6153193","2022-01-16","2022","01","16","","-3.5","","-17.4","","-10.5","","28.5","","0.0","","0.0","","4.6","","4.3","","0","T","","M","","M"
"-79.94","43.17","HAMILTON A","6153193","2022-01-17","2022","01","17","","-2.8","","-5.8","","-4.3","","22.3","","0.0","","0.0","","18.0","","17.6","","11","","30","","59",""
"-79.94","43.17","HAMILTON A","6153193","2022-01-18","2022","01","18","","-1.8","","-8.6","","-5.2","","23.2","","0.0","","0.0","","0.4","","0.4","","22","","19","","46",""
"-79.94","43.17","HAMILTON A","6153193","2022-01-19","2022","01","19","","4.5","","-7.1","","-1.3","","19.3","","0.0","","0.0","","0.0","T","0.0","T","20","","21","","55",""
"-79.94","43.17","HAMILTON A","6153193","2022-01-20","2022","01","20","","-7.0","","-17.2","","-12.1","","30.1","","0.0","","0.0","","0.0","T","0.0","T","10","","33","","35",""
"-79.94","43.17","HAMILTON A","6153193","2022-01-21","2022","01","21","","-10.2","","-20.0","","-15.1","","33.1","","0.0","","0.0","","0.0","T","0.0","T","8","","","M","","M"
"-79.94","43.17","HAMILTON A","6153193","2022-01-22","2022","01","22","","-4.7","","-19.9","","-12.3","","30.3","","0.0","","0.0","","0.8","","0.4","","8","","21","","58",""
"-79.94","43.17","HAMILTON A","6153193","2022-01-23","2022","01","23","","-4.9","","-20.8","","-12.9","","30.9","","0.0","","0.0","","0.0","T","0.0","T","9","","22","","41",""
"-79.94","43.17","HAMILTON A","6153193","2022-01-24","2022","01","24","","-6.2","","-22.1","","-14.2","","32.2","","0.0","","0.0","","3.4","","3.2","","9","","19","","40",""
"-79.94","43.17","HAMILTON A","6153193","2022-01-25","2022","01","25","","-6.3","","-13.5","","-9.9","","27.9","","0.0","","0.0","","0.0","T","0.0","T","13","","29","","36",""
"-79.94","43.17","HAMILTON A","6153193","2022-01-26","2022","01","26","","-8.7","","-14.8","","-11.8","","29.8","","0.0","","0.0","","0.0","T","0.0","T","12","","21","","39",""
"-79.94","43.17","HAMILTON A","6153193","2022-01-27","2022","01","27","","-4.2","","-10.4","","-7.3","","25.3","","0.0","","0.0","","0.8","","0.8","","10","","22","","58",""
"-79.94","43.17","HAMILTON A","6153193","2022-01-28","2022","01","28","","-4.7","","-19.3","","-12.0","","30.0","","0.0","","0.0","","0.0","T","0.0","T","10","","2","","39",""
"-79.94","43.17","HAMILTON A","6153193","2022-01-29","2022","01","29","","-10.9","","-21.4","","-16.2","","34.2","","0.0","","0.0","","0.0","","0.0","","10","","","M","","M"
"-79.94","43.17","HAMILTON A","6153193","2022-01-30","2022","01","30","","-6.4","","-17.8","","-12.1","","30.1","","0.0","","0.0","","0.0","","0.0","","10","","","M","","M"
"-79.94","43.17","HAMILTON A","6153193","2022-01-31","2022","01","31","","-2.0","","-14.0","","-8.0","","26.0","","0.0","","0.0","","0.0","","0.0","","10","","","M","","M"
"-79.94","43.17","HAMILTON A","6153193","2022-02-01","2022","02","01","","4.2","","-8.0","","-1.9","","19.9","","0.0","","0.0","T","0.0","","0.0","T","8","","18","","55",""
"-79.94","43.17","HAMILTON A","6153193","2022-02-02","2022","02","02","","3.2","","-3.5","","-0.2","","18.2","","0.0","","6.6","","6.0","","12.6","","3","","2","","46",""
"-79.94","43.17","HAMILTON A","6153193","2022-02-03","2022","02","03","","-3.4","","-10.8","","-7.1","","25.1","","0.0","","0.0","","7.4","","8.0","","8","","2","","51",""
"-79.94","43.17","HAMILTON A","6153193","2022-02-04","2022","02","04","","-8.4","","-15.0","","-11.7","","29.7","","0.0","","0.0","","0.4","","0.4","","15","","3","","41",""
"-79.94","43.17","HAMILTON A","6153193","2022-02-05","2022","02","05","","-8.7","","-17.4","","-13.1","","31.1","","0.0","","0.0","","0.0","T","0.0","T","15","","","M","","M"
"-79.94","43.17","HAMILTON A","6153193","2022-02-06","2022","02","06","","-1.6","","-11.1","","-6.4","","24.4","","0.0","","0.0","","0.0","","0.0","","15","","20","","48",""
"-79.94","43.17","HAMILTON A","6153193","2022-02-07","2022","02","07","","1.8","","-5.0","","-1.6","","19.6","","0.0","","0.0","","0.0","T","0.0","T","11","","22","","39",""
"-79.94","43.17","HAMILTON A","6153193","2022-02-08","2022","02","08","","-1.2","","-9.2","","-5.2","","23.2","","0.0","","0.0","","0.2","","0.0","T","7","","24","","43",""
"-79.94","43.17","HAMILTON A","6153193","2022-02-09","2022","02","09","","5.0","","-6.8","","-0.9","","18.9","","0.0","","0.0","","0.0","T","0.0","T","6","","21","","51",""
"-79.94","43.17","HAMILTON A","6153193","2022-02-10","2022","02","10","","1.3","","-1.4","","-0.1","","18.1","","0.0","","0.0","","0.4","","0.4","","6","","27","","50",""
"-79.94","43.17","HAMILTON A","6153193","2022-02-11","2022","02","11","","3.0","","-3.1","","-0.1","","18.1","","0.0","","5.6","","0.0","T","5.6","","4","","22","","59",""
"-79.94","43.17","HAMILTON A","6153193","2022-02-12","2022","02","12","","1.6","","-13.0","","-5.7","","23.7","","0.0","","0.0","","0.0","T","0.0","T","2","","29","","57",""
"-79.94","43.17","HAMILTON A","6153193","2022-02-13","2022","02","13","","-9.1","","-14.1","","-11.6","","29.6","","0.0","","0.0","","0.0","T","0.0","T","2","","","M","","M"
"-79.94","43.17","HAMILTON A","6153193","2022-02-14","2022","02","14","","-9.2","","-19.1","","-14.2","","32.2","","0.0","","0.0","","0.0","T","0.0","T","2","","","M","","M"
"-79.94","43.17","HAMILTON A","6153193","2022-02-15","2022","02","15","","-3.7","","-13.8","","-8.8","","26.8","","0.0","","0.0","","0.0","T","0.0","T","2","E","","M","","M"
"-79.94","43.17","HAMILTON A","6153193","2022-02-16","2022","02","16","","8.9","","-8.9","","0.0","","18.0","","0.0","","0.4","","0.0","","0.4","","2","","22","","59",""
"-79.94","43.17","HAMILTON A","6153193","2022-02-17","2022","02","17","","8.8","","-4.8","","2.0","","16.0","","0.0","","27.6","","6.0","","33.6","","0","T","20","","55",""
"-79.94","43.17","HAMILTON A","6153193","2022-02-18","2022","02","18","","-4.7","","-10.6","","-7.7","","25.7","","0.0","","0.0","","1.6","","1.6","","7","","22","","67",""
"-79.94","43.17","HAMILTON A","6153193","2022-02-19","2022","02","19","","-2.0","","-11.2","","-6.6","","24.6","","0.0","","0.0","","1.0","","1.0","","8","","29","","77",""
"-79.94","43.17","HAMILTON A","6153193","2022-02-20","2022","02","20","","5.5","","-10.3","","-2.4","","20.4","","0.0","","0.0","","0.0","","0.0","","7","","22","","73",""
"-79.94","43.17","HAMILTON A","6153193","2022-02-21","2022","02","21","","2.9","","-2.2","","0.4","","17.6","","0.0","","0.0","T","0.0","","0.0","T","4","","5","","53",""
"-79.94","43.17","HAMILTON A","6153193","2022-02-22","2022","02","22","","10.0","","-0.3","","4.9","","13.1","","0.0","","16.1","","0.0","","16.1","","0","T","25","","61",""
"-79.94","43.17","HAMILTON A","6153193","2022-02-23","2022","02","23","","9.0","","-11.3","","-1.2","","19.2","","0.0","","0.0","","0.0","T","0.0","T","0","T","27","","70",""
"-79.94","43.17","HAMILTON A","6153193","2022-02-24","2022","02","24","","-5.8","","-11.3","","-8.6","","26.6","","0.0","","0.0","","2.2","","1.8","","0","T","7","","52",""
"-79.94","43.17","HAMILTON A","6153193","2022-02-25","2022","02","25","","-4.6","","-14.4","","-9.5","","27.5","","0.0","","0.0","","5.6","","5.6","","4","","6","","71",""
"-79.94","43.17","HAMILTON A","6153193","2022-02-26","2022","02","26","","-2.7","","-15.4","","-9.1","","27.1","","0.0","","0.0","","0.0","T","0.0","T","6","","24","","49",""
"-79.94","43.17","HAMILTON A","6153193","2022-02-27","2022","02","27","","0.6","","-7.3","","-3.4","","21.4","","0.0","","0.0","","0.0","T","0.0","T","6","","27","","53",""
"-79.94","43.17","HAMILTON A","6153193","2022-02-28","2022","02","28","","-4.6","","-12.6","","-8.6","","26.6","","0.0","","0.0","","0.0","","0.0","","4","","","M","","M"
"-79.94","43.17","HAMILTON A","6153193","2022-03-01","2022","03","01","","5.5","","-7.6","","-1.1","","19.1","","0.0","","0.0","","0.0","","0.0","","3","","22","","37",""
"-79.94","43.17","HAMILTON A","6153193","2022-03-02","2022","03","02","","2.6","","-3.8","","-0.6","","18.6","","0.0","","0.0","","0.8","","0.8","","0","T","33","","61",""
"-79.94","43.17","HAMILTON A","6153193","2022-03-03","2022","03","03","","-3.8","","-11.7","","-7.8","","25.8","","0.0","","0.0","","0.0","","0.0","","1","","33","","48",""
"-79.94","43.17","HAMILTON A","6153193","2022-03-04","2022","03","04","","0.9","","-12.7","","-5.9","","23.9","","0.0","","0.0","","0.0","","0.0","","0","T","24","","43",""
"-79.94","43.17","HAMILTON A","6153193","2022-03-05","2022","03","05","","3.2","","-5.4","","-1.1","","19.1","","0.0","","0.0","","0.0","","0.0","","0","T","5","","44",""
"-79.94","43.17","HAMILTON A","6153193","2022-03-06","2022","03","06","","15.8","","0.3","","8.1","","9.9","","0.0","","4.3","","0.0","","4.3","","0","T","23","","105",""
"-79.94","43.17","HAMILTON A","6153193","2022-03-07","2022","03","07","","1.4","","-2.7","","-0.7","","18.7","","0.0","","6.8","","2.0","","8.8","","2","E","28","","46",""
"-79.94","43.17","HAMILTON A","6153193","2022-03-08","2022","03","08","","2.4","","-3.5","","-0.6","","18.6","","0.0","","0.0","","0.0","T","0.0","T","0","T","26","","42",""
"-79.94","43.17","HAMILTON A","6153193","2022-03-09","2022","03","09","","4.7","","-3.7","","0.5","","17.5","","0.0","","0.0","","0.0","","0.0","","0","T","23","","34",""
"-79.94","43.17","HAMILTON A","6153193","2022-03-10","2022","03","10","","3.9","","-5.3","","-0.7","","18.7","","0.0","","0.0","","0.0","","0.0","","0","T","","M","","M"
"-79.94","43.17","HAMILTON A","6153193","2022-03-11","2022","03","11","","-0.4","","-4.2","","-2.3","","20.3","","0.0","","0.0","","4.3","","4.3","","0","T","","M","","M"
"-79.94","43.17","HAMILTON A","6153193","2022-03-12","2022","03","12","","","M","","M","","M","","M","","M","0.0","","0.0","T","0.0","T","2","","28","","62",""
"-79.94","43.17","HAMILTON A","6153193","2022-03-13","2022","03","13","","-0.9","","-11.4","","-6.2","","24.2","","0.0","","0.0","","0.2","","0.2","","2","","21","","59",""
"-79.94","43.17","HAMILTON A","6153193","2022-03-14","2022","03","14","","9.0","","-6.2","","1.4","","16.6","","0.0","","0.0","","0.0","","0.0","","2","","","M","","M"
"-79.94","43.17","HAMILTON A","6153193","2022-03-15","2022","03","15","","2.0","","-1.0","","0.5","","17.5","","0.0","","0.9","","0.0","T","0.9","","","","5","","33",""
"-79.94","43.17","HAMILTON A","6153193","2022-03-16","2022","03","16","","9.0","","-2.3","","3.4","","14.6","","0.0","","0.0","T","0.0","","0.0","T","","","","M","","M"
"-79.94","43.17","HAMILTON A","6153193","2022-03-17","2022","03","17","","19.9","","-2.4","","8.8","","9.2","","0.0","","0.0","T","0.0","","0.0","T","","","29","","31",""
"-79.94","43.17","HAMILTON A","6153193","2022-03-18","2022","03","18","","14.7","","2.8","","8.8","","9.2","","0.0","","0.4","","0.0","","0.4","","","","5","","73",""
"-79.94","43.17","HAMILTON A","6153193","2022-03-19","2022","03","19","","12.2","","2.8","","7.5","","10.5","","0.0","","8.4","","0.0","","8.4","","","","23","","63",""
"-79.94","43.17","HAMILTON A","6153193","2022-03-20","2022","03","20","","10.9","","0.0","","5.5","","12.5","","0.0","","0.3","","0.0","","0.3","","","","32","","55",""
"-79.94","43.17","HAMILTON A","6153193","2022-03-21","2022","03","21","","13.3","","-1.6","","5.9","","12.1","","0.0","","0.3","","0.0","","0.3","","","","31","","45",""
"-79.94","43.17","HAMILTON A","6153193","2022-03-22","2022","03","22","","4.4","","-3.0","","0.7","","17.3","","0.0","","0.0","","0.0","","0.0","","","","6","","43",""
"-79.94","43.17","HAMILTON A","6153193","2022-03-23","2022","03","23","","2.7","","0.6","","1.7","","16.3","","0.0","","23.6","","0.0","T","23.6","","","","4","","64",""
"-79.94","43.17","HAMILTON A","6153193","2022-03-24","2022","03","24","","10.5","","2.4","","6.5","","11.5","","0.0","","0.0","T","0.0","","0.0","T","","","22","","57",""
"-79.94","43.17","HAMILTON A","6153193","2022-03-25","2022","03","25","","4.8","","1.4","","3.1","","14.9","","0.0","","0.0","T","0.0","","0.0","T","","","26","","40",""
"-79.94","43.17","HAMILTON A","6153193","2022-03-26","2022","03","26","","4.7","","-2.4","","1.2","","16.8","","0.0","","0.7","","0.0","T","0.7","","0","T","27","","49",""
"-79.94","43.17","HAMILTON A","6153193","2022-03-27","2022","03","27","","-2.5","","-8.4","","-5.5","","23.5","","0.0","","0.0","","1.1","","1.1","","1","","28","","62",""
"-79.94","43.17","HAMILTON A","6153193","2022-03-28","2022","03","28","","-4.7","","-10.8","","-7.8","","25.8","","0.0","","0.0","","0.0","T","0.0","T","0","T","31","","58",""
"-79.94","43.17","HAMILTON A","6153193","2022-03-29","2022","03","29","","1.7","","-10.1","","-4.2","","22.2","","0.0","","0.0","","0.0","","0.0","","0","T","32","","40",""
"-79.94","43.17","HAMILTON A","6153193","2022-03-30","2022","03","30","","2.3","","-5.1","","-1.4","","19.4","","0.0","","4.4","","0.0","T","4.4","","0","T","6","","36",""
"-79.94","43.17","HAMILTON A","6153193","2022-03-31","2022","03","31","","17.4","","1.8","","9.6","","8.4","","0.0","","1.9","","0.0","T","1.9","","","","24","","93",""
"-79.94","43.17","HAMILTON A","6153193","2022-04-01","2022","04","01","","3.4","","-3.2","","0.1","","17.9","","0.0","","0.0","","0.5","","0.5","","0","T","28","","53",""
"-79.94","43.17","HAMILTON A","6153193","2022-04-02","2022","04","02","","5.6","","-4.9","","0.4","","17.6","","0.0","","0.0","","0.0","","0.0","","","","","M","","M"
"-79.94","43.17","HAMILTON A","6153193","2022-04-03","2022","04","03","","4.0","","-2.6","","0.7","","17.3","","0.0","","0.0","","1.8","","1.8","","0","T","32","","35",""
"-79.94","43.17","HAMILTON A","6153193","2022-04-04","2022","04","04","","6.5","","-4.1","","1.2","","16.8","","0.0","","0.0","T","0.0","","0.0","T","","","","M","","M"
"-79.94","43.17","HAMILTON A","6153193","2022-04-05","2022","04","05","","10.7","","1.9","","6.3","","11.7","","0.0","","0.0","T","0.0","","0.0","T","","","4","","47",""
"-79.94","43.17","HAMILTON A","6153193","2022-04-06","2022","04","06","","10.6","","2.2","","6.4","","11.6","","0.0","","4.8","","0.0","","4.8","","","","26","","36",""
"-79.94","43.17","HAMILTON A","6153193","2022-04-07","2022","04","07","","14.9","","2.4","","8.7","","9.3","","0.0","","0.8","","0.0","","0.8","","","","20","","48",""
"-79.94","43.17","HAMILTON A","6153193","2022-04-08","2022","04","08","","9.7","","-0.4","","4.7","","13.3","","0.0","","1.1","","0.0","","1.1","","","","23","","40",""
"-79.94","43.17","HAMILTON A","6153193","2022-04-09","2022","04","09","","6.4","","0.7","","3.6","","14.4","","0.0","","0.0","","0.0","T","0.0","T","","","30","","41",""
"-79.94","43.17","HAMILTON A","6153193","2022-04-10","2022","04","10","","8.6","","-0.5","","4.1","","13.9","","0.0","","0.0","","0.0","T","0.0","T","","","30","","41",""
"-79.94","43.17","HAMILTON A","6153193","2022-04-11","2022","04","11","","16.9","","-1.0","","8.0","","10.0","","0.0","","1.0","","0.0","","1.0","","","","21","","48",""
"-79.94","43.17","HAMILTON A","6153193","2022-04-12","2022","04","12","","17.3","","4.8","","11.1","","6.9","","0.0","","0.0","T","0.0","","0.0","T","","","","M","","M"
"-79.94","43.17","HAMILTON A","6153193","2022-04-13","2022","04","13","","21.4","","8.2","","14.8","","3.2","","0.0","","1.4","","0.0","","1.4","","","","19","","52",""
"-79.94","43.17","HAMILTON A","6153193","2022-04-14","2022","04","14","","15.7","","3.4","","9.6","","8.4","","0.0","","0.0","T","0.0","","0.0","T","","","27","","65",""
"-79.94","43.17","HAMILTON A","6153193","2022-04-15","2022","04","15","","13.2","","2.0","","7.6","","10.4","","0.0","","8.1","","0.0","T","8.1","","","","24","","95",""
"-79.94","43.17","HAMILTON A","6153193","2022-04-16","2022","04","16","","9.0","","-0.3","","4.4","","13.6","","0.0","","0.4","","0.0","T","0.4","","","","31","","47",""
"-79.94","43.17","HAMILTON A","6153193","2022-04-17","2022","04","17","","6.3","","-3.1","","1.6","","16.4","","0.0","","0.0","T","0.0","","0.0","T","","","30","","38",""
"-79.94","43.17","HAMILTON A","6153193","2022-04-18","2022","04","18","","6.4","","-3.5","","1.5","","16.5","","0.0","","0.8","","8.6","","9.3","","6","E","17","","50",""
"-79.94","43.17","HAMILTON A","6153193","2022-04-19","2022","04","19","","3.5","","0.3","","1.9","","16.1","","0.0","","0.0","","0.0","T","0.0","T","2","","28","","67",""
"-79.94","43.17","HAMILTON A","6153193","2022-04-20","2022","04","20","","10.6","","-0.1","","5.3","","12.7","","0.0","","0.0","","0.0","","0.0","","","","29","","32",""
"-79.94","43.17","HAMILTON A","6153193","2022-04-21","2022","04","21","","16.3","","4.7","","10.5","","7.5","","0.0","","8.4","","0.0","","8.4","","","","22","","58",""
"-79.94","43.17","HAMILTON A","6153193","2022-04-22","2022","04","22","","13.4","","0.9","","7.2","","10.8","","0.0","","0.2","","0.0","","0.2","","","","33","","32",""
"-79.94","43.17","HAMILTON A","6153193","2022-04-23","2022","04","23","","11.9","","3.6","","7.8","","10.2","","0.0","","0.0","","0.0","","0.0","","","","4","","52",""
"-79.94","43.17","HAMILTON A","6153193","2022-04-24","2022","04","24","","19.0","","3.8","","11.4","","6.6","","0.0","","0.0","","0.0","","0.0","","","","3","","42",""
"-79.94","43.17","HAMILTON A","6153193","2022-04-25","2022","04","25","","22.1","","9.5","","15.8","","2.2","","0.0","","9.6","","0.0","","9.6","","","","32","","37",""
"-79.94","43.17","HAMILTON A","6153193","2022-04-26","2022","04","26","","9.6","","1.2","","5.4","","12.6","","0.0","","0.4","","0.0","T","0.4","","","","28","","33",""
"-79.94","43.17","HAMILTON A","6153193","2022-04-27","2022","04","27","","2.6","","-2.3","","0.2","","17.8","","0.0","","0.0","","0.0","T","0.0","T","","","28","","46",""
"-79.94","43.17","HAMILTON A","6153193","2022-04-28","2022","04","28","","10.9","","-2.9","","4.0","","14.0","","0.0","","0.0","","0.0","","0.0","","","","33","","41",""
"-79.94","43.17","HAMILTON A","6153193","2022-04-29","2022","04","29","","14.2","","-1.6","","6.3","","11.7","","0.0","","0.0","","0.0","","0.0","","","","4","","36",""
"-79.94","43.17","HAMILTON A","6153193","2022-04-30","2022","04","30","","13.1","","1.6","","7.4","","10.6","","0.0","","0.0","","0.0","","0.0","","","","4","","42",""
"-79.94","43.17","HAMILTON A","6153193","2022-05-01","2022","05","01","","8.6","","4.0","","6.3","","11.7","","0.0","","12.6","","0.0","","12.6","","","","7","","39",""
"-79.94","43.17","HAMILTON A","6153193","2022-05-02","2022","05","02","","12.0","","8.1","","10.1","","7.9","","0.0","","0.0","T","0.0","","0.0","T","","","24","","32",""
"-79.94","43.17","HAMILTON A","6153193","2022-05-03","2022","05","03","","13.4","","5.1","","9.3","","8.7","","0.0","","13.9","","0.0","","13.9","","","","4","","46",""
"-79.94","43.17","HAMILTON A","6153193","2022-05-04","2022","05","04","","16.7","","5.1","","10.9","","7.1","","0.0","","7.2","","0.0","","7.2","","","","1","","43",""
"-79.94","43.17","HAMILTON A","6153193","2022-05-05","2022","05","05","","14.4","","4.3","","9.4","","8.6","","0.0","","0.0","","0.0","","0.0","","","","4","","34",""
"-79.94","43.17","HAMILTON A","6153193","2022-05-06","2022","05","06","","13.5","","6.8","","10.2","","7.8","","0.0","","0.0","","0.0","","0.0","","","","6","","64",""
"-79.94","43.17","HAMILTON A","6153193","2022-05-07","2022","05","07","","","M","","M","","M","","M","","M","0.0","","0.0","","0.0","","","","6","","72",""
"-79.94","43.17","HAMILTON A","6153193","2022-05-08","2022","05","08","","","M","","M","","M","","M","","M","0.0","","0.0","","0.0","","","","4","","45",""
"-79.94","43.17","HAMILTON A","6153193","2022-05-09","2022","05","09","","19.0","","3.1","","11.1","","6.9","","0.0","","0.0","","0.0","","0.0","","","","5","","41",""
"-79.94","43.17","HAMILTON A","6153193","2022-05-10","2022","05","10","","23.8","","6.2","","15.0","","3.0","","0.0","","0.0","","0.0","","0.0","","","","18","","39",""
"-79.94","43.17","HAMILTON A","6153193","2022-05-11","2022","05","11","","27.5","","6.3","","16.9","","1.1","","0.0","","0.0","","0.0","","0.0","","","","9","","37",""
"-79.94","43.17","HAMILTON A","6153193","2022-05-12","2022","05","12","","27.4","","9.3","","18.4","","0.0","","0.4","","0.0","","0.0","","0.0","","","","4","","38",""
"-79.94","43.17","HAMILTON A","6153193","2022-05-13","2022","05","13","","27.4","","11.9","","19.7","","0.0","","1.7","","0.0","","0.0","","0.0","","","","4","","35",""
"-79.94","43.17","HAMILTON A","6153193","2022-05-14","2022","05","14","","27.3","","14.1","","20.7","","0.0","","2.7","","0.0","","0.0","","0.0","","","","5","","36",""
"-79.94","43.17","HAMILTON A","6153193","2022-05-15","2022","05","15","","28.3","","13.7","","21.0","","0.0","","3.0","","0.0","","0.0","","0.0","","","","32","","37",""
"-79.94","43.17","HAMILTON A","6153193","2022-05-16","2022","05","16","","19.3","","10.7","","15.0","","3.0","","0.0","","8.2","","0.0","","8.2","","","","35","","40",""
"-79.94","43.17","HAMILTON A","6153193","2022-05-17","2022","05","17","","16.5","","6.2","","11.4","","6.6","","0.0","","0.0","","0.0","","0.0","","","","29","","49",""
"-79.94","43.17","HAMILTON A","6153193","2022-05-18","2022","05","18","","14.8","","2.9","","8.9","","9.1","","0.0","","1.6","","0.0","","1.6","","","","","M","","M"
"-79.94","43.17","HAMILTON A","6153193","2022-05-19","2022","05","19","","21.5","","9.5","","15.5","","2.5","","0.0","","0.4","","0.0","","0.4","","","","25","","39",""
"-79.94","43.17","HAMILTON A","6153193","2022-05-20","2022","05","20","","25.0","","9.1","","17.1","","0.9","","0.0","","1.4","","0.0","","1.4","","","","22","","52",""
"-79.94","43.17","HAMILTON A","6153193","2022-05-21","2022","05","21","","27.5","","15.9","","21.7","","0.0","","3.7","","2.1","","0.0","","2.1","","","","27","","67",""
"-79.94","43.17","HAMILTON A","6153193","2022-05-22","2022","05","22","","18.3","","7.9","","13.1","","4.9","","0.0","","0.0","T","0.0","","0.0","T","","","30","","49",""
"-79.94","43.17","HAMILTON A","6153193","2022-05-23","2022","05","23","","16.5","","5.7","","11.1","","6.9","","0.0","","0.0","","0.0","","0.0","","","","","M","","M"
"-79.94","43.17","HAMILTON A","6153193","2022-05-24","2022","05","24","","17.1","","5.7","","11.4","","6.6","","0.0","","0.0","","0.0","","0.0","","","","4","","40",""
"-79.94","43.17","HAMILTON A","6153193","2022-05-25","2022","05","25","","18.9","","8.6","","13.8","","4.2","","0.0","","0.2","","0.0","","0.2","","","","4","","39",""
"-79.94","43.17","HAMILTON A","6153193","2022-05-26","2022","05","26","","26.6","","14.9","","20.8","","0.0","","2.8","","0.0","T","0.0","","0.0","T","","","21","","57",""
"-79.94","43.17","HAMILTON A","6153193","2022-05-27","2022","05","27","","23.6","","15.2","","19.4","","0.0","","1.4","","2.6","","0.0","","2.6","","","","21","","36",""
"-79.94","43.17","HAMILTON A","6153193","2022-05-28","2022","05","28","","21.2","","12.8","","17.0","","1.0","","0.0","","0.6","","0.0","","0.6","","","","33","","39",""
"-79.94","43.17","HAMILTON A","6153193","2022-05-29","2022","05","29","","25.1","","11.4","","18.3","","0.0","","0.3","","0.0","T","0.0","","0.0","T","","","19","","35",""
"-79.94","43.17","HAMILTON A","6153193","2022-05-30","2022","05","30","","29.5","","15.0","","22.3","","0.0","","4.3","","0.0","","0.0","","0.0","","","","22","","49",""
"-79.94","43.17","HAMILTON A","6153193","2022-05-31","2022","05","31","","30.7","","16.8","","23.8","","0.0","","5.8","","0.0","","0.0","","0.0","","","","24","","52",""
"-79.94","43.17","HAMILTON A","6153193","2022-06-01","2022","06","01","","27.7","","11.4","","19.6","","0.0","","1.6","","10.2","","0.0","","10.2","","","","22","","52",""
"-79.94","43.17","HAMILTON A","6153193","2022-06-02","2022","06","02","","21.6","","8.5","","15.1","","2.9","","0.0","","0.0","","0.0","","0.0","","","","30","","39",""
"-79.94","43.17","HAMILTON A","6153193","2022-06-03","2022","06","03","","23.0","","7.4","","15.2","","2.8","","0.0","","2.8","","0.0","","2.8","","","","27","","59",""
"-79.94","43.17","HAMILTON A","6153193","2022-06-04","2022","06","04","","20.3","","4.9","","12.6","","5.4","","0.0","","0.0","T","0.0","","0.0","T","","","30","","41",""
"-79.94","43.17","HAMILTON A","6153193","2022-06-05","2022","06","05","","23.5","","6.3","","14.9","","3.1","","0.0","","0.2","","0.0","","0.2","","","","18","","37",""
"-79.94","43.17","HAMILTON A","6153193","2022-06-06","2022","06","06","","22.9","","13.1","","18.0","","0.0","","0.0","","10.5","","0.0","","10.5","","","","4","","37",""
"-79.94","43.17","HAMILTON A","6153193","2022-06-07","2022","06","07","","20.8","","10.7","","15.8","","2.2","","0.0","","18.3","","0.0","","18.3","","","","30","","48",""
"-79.94","43.17","HAMILTON A","6153193","2022-06-08","2022","06","08","","22.2","","10.6","","16.4","","1.6","","0.0","","5.4","","0.0","","5.4","","","","16","","33",""
"-79.94","43.17","HAMILTON A","6153193","2022-06-09","2022","06","09","","21.3","","9.9","","15.6","","2.4","","0.0","","4.9","","0.0","","4.9","","","","29","","52",""
"-79.94","43.17","HAMILTON A","6153193","2022-06-10","2022","06","10","","22.3","","8.3","","15.3","","2.7","","0.0","","0.0","","0.0","","0.0","","","","32","","40",""
"-79.94","43.17","HAMILTON A","6153193","2022-06-11","2022","06","11","","24.4","","12.6","","18.5","","0.0","","0.5","","0.2","","0.0","","0.2","","","","23","","40",""
"-79.94","43.17","HAMILTON A","6153193","2022-06-12","2022","06","12","","24.1","","12.8","","18.5","","0.0","","0.5","","6.1","","0.0","","6.1","","","","30","","37",""
"-79.94","43.17","HAMILTON A","6153193","2022-06-13","2022","06","13","","23.1","","9.7","","16.4","","1.6","","0.0","","0.0","","0.0","","0.0","","","","","M","","M"
"-79.94","43.17","HAMILTON A","6153193","2022-06-14","2022","06","14","","24.3","","15.5","","19.9","","0.0","","1.9","","0.0","","0.0","","0.0","","","","3","","39",""
"-79.94","43.17","HAMILTON A","6153193","2022-06-15","2022","06","15","","30.7","","14.4","","22.6","","0.0","","4.6","","0.0","T","0.0","","0.0","T","","","4","","45",""
"-79.94","43.17","HAMILTON A","6153193","2022-06-16","2022","06","16","","31.5","","19.2","","25.4","","0.0","","7.4","","0.8","","0.0","","0.8","","","","29","","49",""
"-79.94","43.17","HAMILTON A","6153193","2022-06-17","2022","06","17","","25.9","","12.5","","19.2","","0.0","","1.2","","0.0","","0.0","","0.0","","","","27","","66",""
"-79.94","43.17","HAMILTON A","6153193","2022-06-18","2022","06","18","","20.1","","9.5","","14.8","","3.2","","0.0","","0.0","","0.0","","0.0","","","","34","","51",""
"-79.94","43.17","HAMILTON A","6153193","2022-06-19","2022","06","19","","23.0","","7.0","","15.0","","3.0","","0.0","","0.0","","0.0","","0.0","","","","33","","40",""
"-79.94","43.17","HAMILTON A","6153193","2022-06-20","2022","06","20","","22.1","","13.0","","17.6","","0.4","","0.0","","0.4","","0.0","","0.4","","","","23","","34",""
"-79.94","43.17","HAMILTON A","6153193","2022-06-21","2022","06","21","","32.8","","15.1","","24.0","","0.0","","6.0","","0.0","","0.0","","0.0","","","","23","","40",""
"-79.94","43.17","HAMILTON A","6153193","2022-06-22","2022","06","22","","32.4","","16.6","","24.5","","0.0","","6.5","","0.0","","0.0","","0.0","","","","32","","43",""
"-79.94","43.17","HAMILTON A","6153193","2022-06-23","2022","06","23","","28.7","","13.1","","20.9","","0.0","","2.9","","0.0","","0.0","","0.0","","","","","M","","M"
"-79.94","43.17","HAMILTON A","6153193","2022-06-24","2022","06","24","","28.9","","10.7","","19.8","","0.0","","1.8","","0.0","","0.0","","0.0","","","","","M","","M"
"-79.94","43.17","HAMILTON A","6153193","2022-06-25","2022","06","25","","30.1","","14.8","","22.5","","0.0","","4.5","","0.0","","0.0","","0.0","","","","","M","","M"
"-79.94","43.17","HAMILTON A","6153193","2022-06-26","2022","06","26","","28.7","","16.4","","22.6","","0.0","","4.6","","14.4","","0.0","","14.4","","","","32","","52",""
"-79.94","43.17","HAMILTON A","6153193","2022-06-27","2022","06","27","","20.6","","10.2","","15.4","","2.6","","0.0","","0.0","","0.0","","0.0","","","","31","","45",""
"-79.94","43.17","HAMILTON A","6153193","2022-06-28","2022","06","28","","22.9","","8.8","","15.9","","2.1","","0.0","","0.0","","0.0","","0.0","","","","19","","32",""
"-79.94","43.17","HAMILTON A","6153193","2022-06-29","2022","06","29","","23.9","","10.8","","17.4","","0.6","","0.0","","2.4","","0.0","","2.4","","","","30","","32",""
"-79.94","43.17","HAMILTON A","6153193","2022-06-30","2022","06","30","","30.0","","13.2","","21.6","","0.0","","3.6","","0.0","","0.0","","0.0","","","","23","","46",""
"-79.94","43.17","HAMILTON A","6153193","2022-07-01","2022","07","01","","27.2","","17.7","","22.5","","0.0","","4.5","","0.0","T","0.0","","0.0","T","","","23","","31",""
"-79.94","43.17","HAMILTON A","6153193","2022-07-02","2022","07","02","","27.4","","13.8","","20.6","","0.0","","2.6","","0.0","","0.0","","0.0","","","","27","","45",""
"-79.94","43.17","HAMILTON A","6153193","2022-07-03","2022","07","03","","27.1","","12.8","","20.0","","0.0","","2.0","","0.0","","0.0","","0.0","","","","30","","38",""
"-79.94","43.17","HAMILTON A","6153193","2022-07-04","2022","07","04","","28.4","","12.7","","20.6","","0.0","","2.6","","0.0","T","0.0","","0.0","T","","","","M","","M"
"-79.94","43.17","HAMILTON A","6153193","2022-07-05","2022","07","05","","27.2","","15.8","","21.5","","0.0","","3.5","","4.4","","0.0","","4.4","","","","28","","45",""
"-79.94","43.17","HAMILTON A","6153193","2022-07-06","2022","07","06","","22.4","","14.8","","18.6","","0.0","","0.6","","0.0","","0.0","","0.0","","","","3","","35",""
"-79.94","43.17","HAMILTON A","6153193","2022-07-07","2022","07","07","","27.8","","13.0","","20.4","","0.0","","2.4","","0.0","","0.0","","0.0","","","","30","","31",""
"-79.94","43.17","HAMILTON A","6153193","2022-07-08","2022","07","08","","26.9","","14.0","","20.5","","0.0","","2.5","","0.0","","0.0","","0.0","","","","34","","48",""
"-79.94","43.17","HAMILTON A","6153193","2022-07-09","2022","07","09","","23.5","","13.4","","18.5","","0.0","","0.5","","0.0","","0.0","","0.0","","","","3","","42",""
"-79.94","43.17","HAMILTON A","6153193","2022-07-10","2022","07","10","","27.4","","12.4","","19.9","","0.0","","1.9","","0.0","","0.0","","0.0","","","","","M","","M"
"-79.94","43.17","HAMILTON A","6153193","2022-07-11","2022","07","11","","29.4","","11.4","","20.4","","0.0","","2.4","","4.8","","0.0","","4.8","","","","24","","58",""
"-79.94","43.17","HAMILTON A","6153193","2022-07-12","2022","07","12","","26.8","","18.3","","22.6","","0.0","","4.6","","0.4","","0.0","","0.4","","","","27","","42",""
"-79.94","43.17","HAMILTON A","6153193","2022-07-13","2022","07","13","","24.4","","13.2","","18.8","","0.0","","0.8","","0.6","","0.0","","0.6","","","","32","","39",""
"-79.94","43.17","HAMILTON A","6153193","2022-07-14","2022","07","14","","26.8","","11.1","","19.0","","0.0","","1.0","","0.0","","0.0","","0.0","","","","","M","","M"
"-79.94","43.17","HAMILTON A","6153193","2022-07-15","2022","07","15","","27.4","","12.2","","19.8","","0.0","","1.8","","0.0","","0.0","","0.0","","","","32","","32",""
"-79.94","43.17","HAMILTON A","6153193","2022-07-16","2022","07","16","","29.7","","14.5","","22.1","","0.0","","4.1","","0.0","","0.0","","0.0","","","","9","","36",""
"-79.94","43.17","HAMILTON A","6153193","2022-07-17","2022","07","17","","28.3","","16.9","","22.6","","0.0","","4.6","","3.8","","0.0","","3.8","","","","4","","37",""
"-79.94","43.17","HAMILTON A","6153193","2022-07-18","2022","07","18","","26.8","","16.6","","21.7","","0.0","","3.7","","17.4","","0.0","","17.4","","","","32","","40",""
"-79.94","43.17","HAMILTON A","6153193","2022-07-19","2022","07","19","","32.5","","16.6","","24.6","","0.0","","6.6","","0.0","","0.0","","0.0","","","","25","","39",""
"-79.94","43.17","HAMILTON A","6153193","2022-07-20","2022","07","20","","30.2","","20.5","","25.4","","0.0","","7.4","","22.6","","0.0","","22.6","","","","27","","60",""
"-79.94","43.17","HAMILTON A","6153193","2022-07-21","2022","07","21","","29.2","","19.0","","24.1","","0.0","","6.1","","0.0","","0.0","","0.0","","","","26","","48",""
"-79.94","43.17","HAMILTON A","6153193","2022-07-22","2022","07","22","","30.4","","16.0","","23.2","","0.0","","5.2","","0.0","","0.0","","0.0","","","","29","","40",""
"-79.94","43.17","HAMILTON A","6153193","2022-07-23","2022","07","23","","28.8","","17.4","","23.1","","0.0","","5.1","","0.0","","0.0","","0.0","","","","22","","43",""
"-79.94","43.17","HAMILTON A","6153193","2022-07-24","2022","07","24","","28.8","","18.1","","23.5","","0.0","","5.5","","2.3","","0.0","","2.3","","","","24","","58",""
"-79.94","43.17","HAMILTON A","6153193","2022-07-25","2022","07","25","","23.3","","12.6","","18.0","","0.0","","0.0","","0.0","","0.0","","0.0","","","","25","","38",""
"-79.94","43.17","HAMILTON A","6153193","2022-07-26","2022","07","26","","25.4","","10.4","","17.9","","0.1","","0.0","","0.0","","0.0","","0.0","","","","","M","","M"
"-79.94","43.17","HAMILTON A","6153193","2022-07-27","2022","07","27","","25.9","","13.6","","19.8","","0.0","","1.8","","0.0","","0.0","","0.0","","","","22","","31",""
"-79.94","43.17","HAMILTON A","6153193","2022-07-28","2022","07","28","","27.9","","15.6","","21.8","","0.0","","3.8","","0.6","","0.0","","0.6","","","","29","","46",""
"-79.94","43.17","HAMILTON A","6153193","2022-07-29","2022","07","29","","27.2","","12.6","","19.9","","0.0","","1.9","","0.0","","0.0","","0.0","","","","23","","37",""
"-79.94","43.17","HAMILTON A","6153193","2022-07-30","2022","07","30","","26.2","","13.0","","19.6","","0.0","","1.6","","0.0","","0.0","","0.0","","","","33","","41",""
"-79.94","43.17","HAMILTON A","6153193","2022-07-31","2022","07","31","","27.8","","12.8","","20.3","","0.0","","2.3","","0.0","","0.0","","0.0","","","","","M","","M"
"-79.94","43.17","HAMILTON A","6153193","2022-08-01","2022","08","01","","28.1","","15.7","","21.9","","0.0","","3.9","","4.8","","0.0","","4.8","","","","20","","46",""
"-79.94","43.17","HAMILTON A","6153193","2022-08-02","2022","08","02","","25.6","","14.3","","20.0","","0.0","","2.0","","0.0","","0.0","","0.0","","","","31","","44",""
"-79.94","43.17","HAMILTON A","6153193","2022-08-03","2022","08","03","","30.2","","11.7","","21.0","","0.0","","3.0","","2.0","","0.0","","2.0","","","","20","","52",""
"-79.94","43.17","HAMILTON A","6153193","2022-08-04","2022","08","04","","28.9","","20.5","","24.7","","0.0","","6.7","","5.4","","0.0","","5.4","","","","33","","38",""
"-79.94","43.17","HAMILTON A","6153193","2022-08-05","2022","08","05","","28.7","","20.2","","24.5","","0.0","","6.5","","0.0","T","0.0","","0.0","T","","","","M","","M"
"-79.94","43.17","HAMILTON A","6153193","2022-08-06","2022","08","06","","29.9","","18.8","","24.4","","0.0","","6.4","","0.0","","0.0","","0.0","","","","21","","33",""
"-79.94","43.17","HAMILTON A","6153193","2022-08-07","2022","08","07","","31.0","","20.8","","25.9","","0.0","","7.9","","0.0","T","0.0","","0.0","T","","","23","","37",""
"-79.94","43.17","HAMILTON A","6153193","2022-08-08","2022","08","08","","28.1","","18.2","","23.2","","0.0","","5.2","","5.4","","0.0","","5.4","","","","26","","61",""
"-79.94","43.17","HAMILTON A","6153193","2022-08-09","2022","08","09","","22.7","","14.7","","18.7","","0.0","","0.7","","0.0","","0.0","","0.0","","","","33","","38",""
"-79.94","43.17","HAMILTON A","6153193","2022-08-10","2022","08","10","","26.6","","13.2","","19.9","","0.0","","1.9","","0.0","","0.0","","0.0","","","","","M","","M"
"-79.94","43.17","HAMILTON A","6153193","2022-08-11","2022","08","11","","26.7","","13.0","","19.9","","0.0","","1.9","","0.0","","0.0","","0.0","","","","33","","47",""
"-79.94","43.17","HAMILTON A","6153193","2022-08-12","2022","08","12","","25.9","","10.5","","18.2","","0.0","","0.2","","0.0","","0.0","","0.0","","","","31","","38",""
"-79.94","43.17","HAMILTON A","6153193","2022-08-13","2022","08","13","","26.2","","9.7","","18.0","","0.0","","0.0","","0.0","","0.0","","0.0","","","","","M","","M"
"-79.94","43.17","HAMILTON A","6153193","2022-08-14","2022","08","14","","25.8","","15.1","","20.5","","0.0","","2.5","","0.0","","0.0","","0.0","","","","4","","41",""
"-79.94","43.17","HAMILTON A","6153193","2022-08-15","2022","08","15","","26.3","","15.3","","20.8","","0.0","","2.8","","0.0","","0.0","","0.0","","","","4","","51",""
"-79.94","43.17","HAMILTON A","6153193","2022-08-16","2022","08","16","","25.6","","15.6","","20.6","","0.0","","2.6","","0.0","","0.0","","0.0","","","","","M","","M"
"-79.94","43.17","HAMILTON A","6153193","2022-08-17","2022","08","17","","28.1","","14.1","","21.1","","0.0","","3.1","","0.0","","0.0","","0.0","","","","5","","36",""
"-79.94","43.17","HAMILTON A","6153193","2022-08-18","2022","08","18","","28.9","","12.2","","20.6","","0.0","","2.6","","0.0","","0.0","","0.0","","","","26","","36",""
"-79.94","43.17","HAMILTON A","6153193","2022-08-19","2022","08","19","","28.4","","12.3","","20.4","","0.0","","2.4","","0.0","","0.0","","0.0","","","","19","","39",""
"-79.94","43.17","HAMILTON A","6153193","2022-08-20","2022","08","20","","30.5","","16.1","","23.3","","0.0","","5.3","","9.8","","0.0","","9.8","","","","16","","51",""
"-79.94","43.17","HAMILTON A","6153193","2022-08-21","2022","08","21","","25.6","","17.9","","21.8","","0.0","","3.8","","16.8","","0.0","","16.8","","","","","M","","M"
"-79.94","43.17","HAMILTON A","6153193","2022-08-22","2022","08","22","","25.4","","18.2","","21.8","","0.0","","3.8","","20.5","","0.0","","20.5","","","","23","","47",""
"-79.94","43.17","HAMILTON A","6153193","2022-08-23","2022","08","23","","28.2","","15.2","","21.7","","0.0","","3.7","","0.0","","0.0","","0.0","","","","34","","39",""
"-79.94","43.17","HAMILTON A","6153193","2022-08-24","2022","08","24","","28.7","","13.3","","21.0","","0.0","","3.0","","4.0","","0.0","","4.0","","","","33","","41",""
"-79.94","43.17","HAMILTON A","6153193","2022-08-25","2022","08","25","","26.6","","16.6","","21.6","","0.0","","3.6","","0.0","","0.0","","0.0","","","","2","","45",""
"-79.94","43.17","HAMILTON A","6153193","2022-08-26","2022","08","26","","26.7","","14.0","","20.4","","0.0","","2.4","","0.0","T","0.0","","0.0","T","","","34","","37",""
"-79.94","43.17","HAMILTON A","6153193","2022-08-27","2022","08","27","","22.8","","12.2","","17.5","","0.5","","0.0","","0.0","","0.0","","0.0","","","","4","","39",""
"-79.94","43.17","HAMILTON A","6153193","2022-08-28","2022","08","28","","28.5","","12.5","","20.5","","0.0","","2.5","","0.0","","0.0","","0.0","","","","","M","","M"
"-79.94","43.17","HAMILTON A","6153193","2022-08-29","2022","08","29","","29.0","","19.9","","24.5","","0.0","","6.5","","0.0","T","0.0","","0.0","T","","","26","","55",""
"-79.94","43.17","HAMILTON A","6153193","2022-08-30","2022","08","30","","24.8","","15.2","","20.0","","0.0","","2.0","","3.4","","0.0","","3.4","","","","33","","42",""
"-79.94","43.17","HAMILTON A","6153193","2022-08-31","2022","08","31","","25.9","","13.3","","19.6","","0.0","","1.6","","0.0","","0.0","","0.0","","","","26","","52",""
"-79.94","43.17","HAMILTON A","6153193","2022-09-01","2022","09","01","","24.4","","8.7","","16.6","","1.4","","0.0","","0.0","","0.0","","0.0","","","","29","","32",""
"-79.94","43.17","HAMILTON A","6153193","2022-09-02","2022","09","02","","27.9","","12.6","","20.3","","0.0","","2.3","","0.0","","0.0","","0.0","","","","","M","","M"
"-79.94","43.17","HAMILTON A","6153193","2022-09-03","2022","09","03","","29.3","","17.7","","23.5","","0.0","","5.5","","0.0","","0.0","","0.0","","","","20","","34",""
"-79.94","43.17","HAMILTON A","6153193","2022-09-04","2022","09","04","","19.9","","15.8","","17.9","","0.1","","0.0","","0.6","","0.0","","0.6","","","","4","","48",""
"-79.94","43.17","HAMILTON A","6153193","2022-09-05","2022","09","05","","17.9","","15.4","","16.7","","1.3","","0.0","","3.0","","0.0","","3.0","","","","3","","42",""
"-79.94","43.17","HAMILTON A","6153193","2022-09-06","2022","09","06","","21.8","","14.4","","18.1","","0.0","","0.1","","0.0","","0.0","","0.0","","","","3","","39",""
"-79.94","43.17","HAMILTON A","6153193","2022-09-07","2022","09","07","","23.9","","14.0","","19.0","","0.0","","1.0","","0.0","","0.0","","0.0","","","","4","","40",""
"-79.94","43.17","HAMILTON A","6153193","2022-09-08","2022","09","08","","26.4","","11.9","","19.2","","0.0","","1.2","","0.0","","0.0","","0.0","","","","","M","","M"
"-79.94","43.17","HAMILTON A","6153193","2022-09-09","2022","09","09","","27.0","","12.3","","19.7","","0.0","","1.7","","0.0","","0.0","","0.0","","","","","M","","M"
"-79.94","43.17","HAMILTON A","6153193","2022-09-10","2022","09","10","","","M","","M","","M","","M","","M","0.0","","0.0","","0.0","","","","","M","","M"
"-79.94","43.17","HAMILTON A","6153193","2022-09-11","2022","09","11","","21.9","","18.0","","20.0","","0.0","","2.0","","0.5","","0.0","","0.5","","","","4","","35",""
"-79.94","43.17","HAMILTON A","6153193","2022-09-12","2022","09","12","","24.1","","10.6","","17.4","","0.6","","0.0","","16.7","","0.0","","16.7","","","","23","","44",""
"-79.94","43.17","HAMILTON A","6153193","2022-09-13","2022","09","13","","20.2","","9.3","","14.8","","3.2","","0.0","","5.9","","0.0","","5.9","","","","","M","","M"
"-79.94","43.17","HAMILTON A","6153193","2022-09-14","2022","09","14","","24.3","","10.3","","17.3","","0.7","","0.0","","0.0","","0.0","","0.0","","","","31","","50",""
"-79.94","43.17","HAMILTON A","6153193","2022-09-15","2022","09","15","","18.3","","7.5","","12.9","","5.1","","0.0","","0.0","","0.0","","0.0","","","","4","","39",""
"-79.94","43.17","HAMILTON A","6153193","2022-09-16","2022","09","16","","26.1","","7.7","","16.9","","1.1","","0.0","","0.9","","0.0","","0.9","","","","4","","31",""
"-79.94","43.17","HAMILTON A","6153193","2022-09-17","2022","09","17","","26.1","","13.1","","19.6","","0.0","","1.6","","0.0","","0.0","","0.0","","","","18","","37",""
"-79.94","43.17","HAMILTON A","6153193","2022-09-18","2022","09","18","","27.3","","17.3","","22.3","","0.0","","4.3","","1.4","","0.0","","1.4","","","","22","","40",""
"-79.94","43.17","HAMILTON A","6153193","2022-09-19","2022","09","19","","25.5","","12.3","","18.9","","0.0","","0.9","","1.2","","0.0","","1.2","","","","27","","42",""
"-79.94","43.17","HAMILTON A","6153193","2022-09-20","2022","09","20","","25.5","","10.5","","18.0","","0.0","","0.0","","0.0","","0.0","","0.0","","","","25","","33",""
"-79.94","43.17","HAMILTON A","6153193","2022-09-21","2022","09","21","","24.7","","13.8","","19.3","","0.0","","1.3","","3.0","","0.0","","3.0","","","","18","","48",""
"-79.94","43.17","HAMILTON A","6153193","2022-09-22","2022","09","22","","16.6","","5.1","","10.9","","7.1","","0.0","","2.4","","0.0","","2.4","","","","32","","56",""
"-79.94","43.17","HAMILTON A","6153193","2022-09-23","2022","09","23","","16.4","","2.3","","9.4","","8.6","","0.0","","0.0","","0.0","","0.0","","","","35","","35",""
"-79.94","43.17","HAMILTON A","6153193","2022-09-24","2022","09","24","","17.2","","4.0","","10.6","","7.4","","0.0","","0.0","","0.0","","0.0","","","","","M","","M"
"-79.94","43.17","HAMILTON A","6153193","2022-09-25","2022","09","25","","18.8","","9.7","","14.3","","3.7","","0.0","","3.5","","0.0","","3.5","","","","26","","35",""
"-79.94","43.17","HAMILTON A","6153193","2022-09-26","2022","09","26","","15.9","","7.9","","11.9","","6.1","","0.0","","0.2","","0.0","","0.2","","","","25","","61",""
"-79.94","43.17","HAMILTON A","6153193","2022-09-27","2022","09","27","","14.8","","10.5","","12.7","","5.3","","0.0","","7.9","","0.0","","7.9","","","","26","","44",""
"-79.94","43.17","HAMILTON A","6153193","2022-09-28","2022","09","28","","14.6","","9.2","","11.9","","6.1","","0.0","","0.0","T","0.0","","0.0","T","","","36","","32",""
"-79.94","43.17","HAMILTON A","6153193","2022-09-29","2022","09","29","","15.8","","5.2","","10.5","","7.5","","0.0","","0.0","","0.0","","0.0","","","","","M","","M"
"-79.94","43.17","HAMILTON A","6153193","2022-09-30","2022","09","30","","16.3","","4.2","","10.3","","7.7","","0.0","","0.0","","0.0","","0.0","","","","","M","","M"
"-79.94","43.17","HAMILTON A","6153193","2022-10-01","2022","10","01","","17.6","","5.9","","11.8","","6.2","","0.0","","0.0","","0.0","","0.0","","","","4","","60",""
"-79.94","43.17","HAMILTON A","6153193","2022-10-02","2022","10","02","","14.1","","4.3","","9.2","","8.8","","0.0","","0.0","","0.0","","0.0","","","","4","","56",""
"-79.94","43.17","HAMILTON A","6153193","2022-10-03","2022","10","03","","14.5","","1.9","","8.2","","9.8","","0.0","","0.0","","0.0","","0.0","","","","6","","34",""
"-79.94","43.17","HAMILTON A","6153193","2022-10-04","2022","10","04","","19.6","","1.1","","10.4","","7.6","","0.0","","0.0","","0.0","","0.0","","","","","M","","M"
"-79.94","43.17","HAMILTON A","6153193","2022-10-05","2022","10","05","","23.7","","4.2","","14.0","","4.0","","0.0","","0.0","","0.0","","0.0","","","","","M","","M"
"-79.94","43.17","HAMILTON A","6153193","2022-10-06","2022","10","06","","23.0","","9.3","","16.2","","1.8","","0.0","","0.0","","0.0","","0.0","","","","29","","38",""
"-79.94","43.17","HAMILTON A","6153193","2022-10-07","2022","10","07","","12.4","","0.1","","6.3","","11.7","","0.0","","0.8","","0.0","","0.8","","","","31","","40",""
"-79.94","43.17","HAMILTON A","6153193","2022-10-08","2022","10","08","","11.2","","-0.1","","5.6","","12.4","","0.0","","0.0","T","0.0","","0.0","T","","","25","","44",""
"-79.94","43.17","HAMILTON A","6153193","2022-10-09","2022","10","09","","16.7","","4.3","","10.5","","7.5","","0.0","","0.0","","0.0","","0.0","","","","21","","45",""
"-79.94","43.17","HAMILTON A","6153193","2022-10-10","2022","10","10","","16.5","","3.5","","10.0","","8.0","","0.0","","0.0","","0.0","","0.0","","","","","M","","M"
"-79.94","43.17","HAMILTON A","6153193","2022-10-11","2022","10","11","","22.9","","3.6","","13.3","","4.7","","0.0","","0.0","","0.0","","0.0","","","","22","","50",""
"-79.94","43.17","HAMILTON A","6153193","2022-10-12","2022","10","12","","19.5","","12.9","","16.2","","1.8","","0.0","","7.0","","0.0","","7.0","","","","16","","52",""
"-79.94","43.17","HAMILTON A","6153193","2022-10-13","2022","10","13","","15.1","","5.5","","10.3","","7.7","","0.0","","13.0","","0.0","","13.0","","","","23","","58",""
"-79.94","43.17","HAMILTON A","6153193","2022-10-14","2022","10","14","","14.1","","3.9","","9.0","","9.0","","0.0","","0.0","T","0.0","","0.0","T","","","26","","53",""
"-79.94","43.17","HAMILTON A","6153193","2022-10-15","2022","10","15","","13.0","","1.4","","7.2","","10.8","","0.0","","1.8","","0.0","","1.8","","","","25","","63",""
"-79.94","43.17","HAMILTON A","6153193","2022-10-16","2022","10","16","","15.7","","1.8","","8.8","","9.2","","0.0","","0.0","","0.0","","0.0","","","","22","","42",""
"-79.94","43.17","HAMILTON A","6153193","2022-10-17","2022","10","17","","9.1","","0.5","","4.8","","13.2","","0.0","","3.3","","0.0","","3.3","","","","19","","41",""
"-79.94","43.17","HAMILTON A","6153193","2022-10-18","2022","10","18","","6.9","","0.7","","3.8","","14.2","","0.0","","0.2","","0.0","","0.2","","","","23","","46",""
"-79.94","43.17","HAMILTON A","6153193","2022-10-19","2022","10","19","","8.2","","1.1","","4.7","","13.3","","0.0","","0.8","","0.0","T","0.8","","","","27","","47",""
"-79.94","43.17","HAMILTON A","6153193","2022-10-20","2022","10","20","","7.0","","-1.4","","2.8","","15.2","","0.0","","1.0","","0.0","T","1.0","","","","25","","50",""
"-79.94","43.17","HAMILTON A","6153193","2022-10-21","2022","10","21","","16.9","","-0.8","","8.1","","9.9","","0.0","","0.0","","0.0","","0.0","","","","20","","51",""
"-79.94","43.17","HAMILTON A","6153193","2022-10-22","2022","10","22","","19.9","","9.7","","14.8","","3.2","","0.0","","0.0","","0.0","","0.0","","","","19","","38",""
"-79.94","43.17","HAMILTON A","6153193","2022-10-23","2022","10","23","","21.0","","5.9","","13.5","","4.5","","0.0","","0.0","","0.0","","0.0","","","","","M","","M"
"-79.94","43.17","HAMILTON A","6153193","2022-10-24","2022","10","24","","20.8","","3.2","","12.0","","6.0","","0.0","","0.0","","0.0","","0.0","","","","","M","","M"
"-79.94","43.17","HAMILTON A","6153193","2022-10-25","2022","10","25","","21.1","","4.6","","12.9","","5.1","","0.0","","0.0","","0.0","","0.0","","","","","M","","M"
"-79.94","43.17","HAMILTON A","6153193","2022-10-26","2022","10","26","","14.5","","7.4","","11.0","","7.0","","0.0","","3.6","","0.0","","3.6","","","","29","","58",""
"-79.94","43.17","HAMILTON A","6153193","2022-10-27","2022","10","27","","11.1","","0.8","","6.0","","12.0","","0.0","","0.0","","0.0","","0.0","","","","30","","45",""
"-79.94","43.17","HAMILTON A","6153193","2022-10-28","2022","10","28","","9.1","","-0.3","","4.4","","13.6","","0.0","","0.0","","0.0","","0.0","","","","4","","34",""
"-79.94","43.17","HAMILTON A","6153193","2022-10-29","2022","10","29","","16.8","","-1.2","","7.8","","10.2","","0.0","","0.0","","0.0","","0.0","","","","","M","","M"
"-79.94","43.17","HAMILTON A","6153193","2022-10-30","2022","10","30","","17.1","","-1.0","","8.1","","9.9","","0.0","","0.0","","0.0","","0.0","","","","","M","","M"
"-79.94","43.17","HAMILTON A","6153193","2022-10-31","2022","10","31","","14.3","","4.3","","9.3","","8.7","","0.0","","7.5","","0.0","","7.5","","","","","M","","M"
"-79.94","43.17","HAMILTON A","6153193","2022-11-01","2022","11","01","","18.7","","5.5","","12.1","","5.9","","0.0","","0.3","","0.0","","0.3","","","","","M","","M"
"-79.94","43.17","HAMILTON A","6153193","2022-11-02","2022","11","02","","16.6","","1.7","","9.2","","8.8","","0.0","","0.2","","0.0","","0.2","","","","","M","","M"
"-79.94","43.17","HAMILTON A","6153193","2022-11-03","2022","11","03","","","M","","M","","M","","M","","M","0.0","","0.0","","0.0","","","","","M","","M"
"-79.94","43.17","HAMILTON A","6153193","2022-11-04","2022","11","04","","20.9","","5.4","","13.2","","4.8","","0.0","","0.0","","0.0","","0.0","","","","19","","44",""
"-79.94","43.17","HAMILTON A","6153193","2022-11-05","2022","11","05","","24.7","","13.3","","19.0","","0.0","","1.0","","4.3","","0.0","","4.3","","","","25","","68",""
"-79.94","43.17","HAMILTON A","6153193","2022-11-06","2022","11","06","","17.2","","8.7","","13.0","","5.0","","0.0","","0.0","","0.0","","0.0","","","","22","","55",""
"-79.94","43.17","HAMILTON A","6153193","2022-11-07","2022","11","07","","13.0","","0.4","","6.7","","11.3","","0.0","","0.0","","0.0","","0.0","","","","26","","45",""
"-79.94","43.17","HAMILTON A","6153193","2022-11-08","2022","11","08","","8.1","","-1.8","","3.2","","14.8","","0.0","","0.0","","0.0","","0.0","","","","3","","35",""
"-79.94","43.17","HAMILTON A","6153193","2022-11-09","2022","11","09","","15.4","","-1.2","","7.1","","10.9","","0.0","","0.0","","0.0","","0.0","","","","22","","42",""
"-79.94","43.17","HAMILTON A","6153193","2022-11-10","2022","11","10","","19.4","","9.2","","14.3","","3.7","","0.0","","0.0","","0.0","","0.0","","","","23","","42",""
"-79.94","43.17","HAMILTON A","6153193","2022-11-11","2022","11","11","","14.1","","9.9","","12.0","","6.0","","0.0","","11.1","","0.0","","11.1","","","","30","","39",""
"-79.94","43.17","HAMILTON A","6153193","2022-11-12","2022","11","12","","9.9","","1.1","","5.5","","12.5","","0.0","","0.6","","0.0","T","0.6","","","","28","","40",""
"-79.94","43.17","HAMILTON A","6153193","2022-11-13","2022","11","13","","4.4","","-3.8","","0.3","","17.7","","0.0","","0.2","","0.0","T","0.2","","","","26","","43",""
"-79.94","43.17","HAMILTON A","6153193","2022-11-14","2022","11","14","","3.7","","-3.0","","0.4","","17.6","","0.0","","0.0","","0.0","","0.0","","","","","M","","M"
"-79.94","43.17","HAMILTON A","6153193","2022-11-15","2022","11","15","","3.7","","-0.1","","1.8","","16.2","","0.0","","0.0","","0.0","T","0.0","T","0","T","7","","41",""
"-79.94","43.17","HAMILTON A","6153193","2022-11-16","2022","11","16","","1.4","","-2.6","","-0.6","","18.6","","0.0","","0.0","","1.7","","1.7","","1","","","M","","M"
"-79.94","43.17","HAMILTON A","6153193","2022-11-17","2022","11","17","","2.0","","-3.3","","-0.7","","18.7","","0.0","","0.0","","0.8","","0.4","","1","","25","","47",""
"-79.94","43.17","HAMILTON A","6153193","2022-11-18","2022","11","18","","2.3","","-3.6","","-0.7","","18.7","","0.0","","0.0","","0.0","T","0.0","T","0","T","25","","52",""
"-79.94","43.17","HAMILTON A","6153193","2022-11-19","2022","11","19","","-1.0","","-6.3","","-3.7","","21.7","","0.0","","0.4","","1.2","","1.6","","1","E","23","","54",""
"-79.94","43.17","HAMILTON A","6153193","2022-11-20","2022","11","20","","-4.0","","-9.4","","-6.7","","24.7","","0.0","","0.0","T","0.0","","0.0","T","","","25","","59",""
"-79.94","43.17","HAMILTON A","6153193","2022-11-21","2022","11","21","","5.8","","-10.2","","-2.2","","20.2","","0.0","","0.0","","0.0","","0.0","","","","22","","79",""
"-79.94","43.17","HAMILTON A","6153193","2022-11-22","2022","11","22","","7.3","","-3.3","","2.0","","16.0","","0.0","","0.0","","0.0","","0.0","","","","22","","32",""
"-79.94","43.17","HAMILTON A","6153193","2022-11-23","2022","11","23","","8.3","","-4.2","","2.1","","15.9","","0.0","","0.0","","0.0","","0.0","","","","","M","","M"
"-79.94","43.17","HAMILTON A","6153193","2022-11-24","2022","11","24","","11.7","","-4.3","","3.7","","14.3","","0.0","","0.0","T","0.0","","0.0","T","","","22","","37",""
"-79.94","43.17","HAMILTON A","6153193","2022-11-25","2022","11","25","","7.7","","-1.7","","3.0","","15.0","","0.0","","0.4","","0.0","","0.4","","","","28","","54",""
"-79.94","43.17","HAMILTON A","6153193","2022-11-26","2022","11","26","","11.8","","-3.0","","4.4","","13.6","","0.0","","0.0","","0.0","","0.0","","","","21","","49",""
"-79.94","43.17","HAMILTON A","6153193","2022-11-27","2022","11","27","","6.0","","2.3","","4.2","","13.8","","0.0","","5.4","","0.0","","5.4","","","","5","","38",""
"-79.94","43.17","HAMILTON A","6153193","2022-11-28","2022","11","28","","","M","","M","","M","","M","","M","0.0","","0.0","","0.0","","","","34","","31",""
"-79.94","43.17","HAMILTON A","6153193","2022-11-29","2022","11","29","","6.8","","0.0","","3.4","","14.6","","0.0","","0.0","","0.0","","0.0","","","","","M","","M"
"-79.94","43.17","HAMILTON A","6153193","2022-11-30","2022","11","30","","9.5","","-3.1","","3.2","","14.8","","0.0","","13.5","","0.2","","13.5","","0","T","29","","76",""
"-79.94","43.17","HAMILTON A","6153193","2022-12-01","2022","12","01","","-1.3","","-6.2","","-3.8","","21.8","","0.0","","0.0","","0.2","","0.2","","0","T","27","","60",""
"-79.94","43.17","HAMILTON A","6153193","2022-12-02","2022","12","02","","9.4","","-3.6","","2.9","","15.1","","0.0","","1.0","","0.0","","1.0","","0","T","22","","50",""
"-79.94","43.17","HAMILTON A","6153193","2022-12-03","2022","12","03","","10.2","","-0.8","","4.7","","13.3","","0.0","","7.2","","0.0","","7.2","","","","25","","82",""
"-79.94","43.17","HAMILTON A","6153193","2022-12-04","2022","12","04","","","M","","M","","M","","M","","M","0.0","","0.0","","0.0","","","","23","","46",""
"-79.94","43.17","HAMILTON A","6153193","2022-12-05","2022","12","05","","5.4","","-4.8","","0.3","","17.7","","0.0","","0.0","","0.0","","0.0","","","","22","","45",""
"-79.94","43.17","HAMILTON A","6153193","2022-12-06","2022","12","06","","5.9","","4.1","","5.0","","13.0","","0.0","","0.8","","0.0","","0.8","","","","","M","","M"
"-79.94","43.17","HAMILTON A","6153193","2022-12-07","2022","12","07","","7.3","","3.9","","5.6","","12.4","","0.0","","0.4","","0.0","","0.4","","","","3","","32",""
"-79.94","43.17","HAMILTON A","6153193","2022-12-08","2022","12","08","","","M","","M","","M","","M","","M","0.0","","0.0","","0.0","","","","","M","","M"
"-79.94","43.17","HAMILTON A","6153193","2022-12-09","2022","12","09","","0.4","","-4.3","","-2.0","","20.0","","0.0","","0.0","","0.9","","0.9","","0","T","7","","56",""
"-79.94","43.17","HAMILTON A","6153193","2022-12-10","2022","12","10","","1.6","","-1.7","","-0.1","","18.1","","0.0","","0.0","","0.0","T","0.0","T","","","6","","53",""
"-79.94","43.17","HAMILTON A","6153193","2022-12-11","2022","12","11","","0.8","","-2.2","","-0.7","","18.7","","0.0","","0.0","","3.4","","3.2","","2","","4","","31",""
"-79.94","43.17","HAMILTON A","6153193","2022-12-12","2022","12","12","","-1.5","","-3.9","","-2.7","","20.7","","0.0","","0.0","","0.0","T","0.0","T","3","E","","M","","M"
"-79.94","43.17","HAMILTON A","6153193","2022-12-13","2022","12","13","","-0.3","","-8.9","","-4.6","","22.6","","0.0","","0.0","","0.0","","0.0","","1","","","M","","M"
"-79.94","43.17","HAMILTON A","6153193","2022-12-14","2022","12","14","","-0.4","","-6.3","","-3.4","","21.4","","0.0","","0.0","","0.0","T","0.0","T","1","","6","","57",""
"-79.94","43.17","HAMILTON A","6153193","2022-12-15","2022","12","15","","1.6","","-2.5","","-0.5","","18.5","","0.0","","20.0","","0.0","T","20.0","","0","T","6","","58",""
"-79.94","43.17","HAMILTON A","6153193","2022-12-16","2022","12","16","","2.9","","-2.8","","0.1","","17.9","","0.0","","0.6","","0.8","","1.4","","0","T","","M","","M"
"-79.94","43.17","HAMILTON A","6153193","2022-12-17","2022","12","17","","0.6","","-3.3","","-1.4","","19.4","","0.0","","0.0","","0.0","T","0.0","T","1","","23","","44",""
"-79.94","43.17","HAMILTON A","6153193","2022-12-18","2022","12","18","","-0.8","","-4.0","","-2.4","","20.4","","0.0","","0.0","","0.0","T","0.0","T","0","T","25","","52",""
"-79.94","43.17","HAMILTON A","6153193","2022-12-19","2022","12","19","","-0.4","","-4.7","","-2.6","","20.6","","0.0","","0.0","","0.0","T","0.0","T","0","T","26","","46",""
"-79.94","43.17","HAMILTON A","6153193","2022-12-20","2022","12","20","","0.1","","-5.1","","-2.5","","20.5","","0.0","","0.0","","0.0","","0.0","","0","T","","M","","M"
"-79.94","43.17","HAMILTON A","6153193","2022-12-21","2022","12","21","","1.1","","-7.3","","-3.1","","21.1","","0.0","","0.0","","0.0","","0.0","","","","","M","","M"
"-79.94","43.17","HAMILTON A","6153193","2022-12-22","2022","12","22","","4.5","","-3.4","","0.6","","17.4","","0.0","","0.0","","0.0","T","0.0","T","","","5","","36",""
"-79.94","43.17","HAMILTON A","6153193","2022-12-23","2022","12","23","","2.1","","-16.0","","-7.0","","25.0","","0.0","","6.4","","0.6","","6.8","","0","T","23","","95",""
"-79.94","43.17","HAMILTON A","6153193","2022-12-24","2022","12","24","","-10.1","","-16.0","","-13.1","","31.1","","0.0","","0.0","","0.4","","0.0","T","2","","24","","93",""
"-79.94","43.17","HAMILTON A","6153193","2022-12-25","2022","12","25","","","M","","M","","M","","M","","M","0.0","","0.0","T","0.0","T","2","","24","","66",""
"-79.94","43.17","HAMILTON A","6153193","2022-12-26","2022","12","26","","-6.0","","-9.6","","-7.8","","25.8","","0.0","","0.0","","0.0","T","0.0","T","2","","26","","40",""
"-79.94","43.17","HAMILTON A","6153193","2022-12-27","2022","12","27","","-1.7","","-9.3","","-5.5","","23.5","","0.0","","0.0","","0.0","","0.0","","1","","21","","40",""
"-79.94","43.17","HAMILTON A","6153193","2022-12-28","2022","12","28","","3.9","","-1.7","","1.1","","16.9","","0.0","","0.0","","0.0","","0.0","","1","","22","","53",""
"-79.94","43.17","HAMILTON A","6153193","2022-12-29","2022","12","29","","8.8","","3.0","","5.9","","12.1","","0.0","","0.0","","0.0","","0.0","","0","T","22","","45",""
"-79.94","43.17","HAMILTON A","6153193","2022-12-30","2022","12","30","","11.9","","8.7","","10.3","","7.7","","0.0","","6.5","","0.0","","6.5","","0","T","23","","39",""
"-79.94","43.17","HAMILTON A","6153193","2022-12-31","2022","12","31","","9.6","","2.6","","6.1","","11.9","","0.0","","16.3","","0.0","","16.3","","","","","M","","M"
